title,subhead,URL,premium,image URL,byline,article type
" 'The Trump plan changed nothing': One year later, Gaza still lives in ruins, under bombs  ","Three years after the Hamas attacks of October 7, 2023, residents of the Palestinian territory continue to live among rubble. The plan brokered under the auspices of the American president on October 10, 2025 has stalled, and despite the ceasefire it provides for, Israel's campaign of destruction has continued.",https://www.lemonde.fr/en/international/article/2026/10/09/the-trump-plan-changed-nothing-one-year-later-gaza-still-lives-in-ruins-under-bombs_6758434_4.html,Subscribers only,,,
Europe's differing stances on Israel polarize political landscape,,https://www.lemonde.fr/en/international/article/2026/10/09/europe-s-differing-stances-on-israel-polarize-political-landscape_6758424_4.html,Subscribers only,,,
"French citizen sued by his former employer, Thales, has languished in Azerbaijani prisons since 2022",,https://www.lemonde.fr/en/les-decodeurs/article/2026/10/09/french-citizen-sued-by-his-former-employer-thales-has-languished-in-azerbaijani-prisons-since-2022_6758433_8.html,Subscribers only,,,
New evidence linking far-right leader Bardella to antisemitic messages revealed,"The investigative website Mediapart said it found three more conversations from people who interacted with Jordan Bardella, further strengthening his link with the incriminating Facebook account.",https://www.lemonde.fr/en/politics/article/2026/10/09/new-evidence-linking-far-right-leader-bardella-to-antisemitic-messages-revealed_6758422_5.html,Subscribers only,,,
Nobel Peace Prize awarded to Navanethem 'Navi' Pillay for her efforts to promote international law,"Pillay, 85, is a former UN human rights commissioner. The Nobel jury said it was honoring her for her 'commitment to universal legal principles and her firm moral compass.'",https://www.lemonde.fr/en/international/article/2026/10/09/2026-nobel-peace-prize-awarded-to-south-africa-s-navanethem-navi-pillay_6758414_4.html,,,,
"US imposes sanctions on ICC, hours after Nobel award to former judge",The court rejected the US sanctions as an attack on international law and warned in a statement that 'history will judge this moment.',https://www.lemonde.fr/en/international/article/2026/10/09/us-imposes-sanctions-on-icc-hours-after-nobel-award-to-former-judge_6758431_4.html,,,,
Trauma endures in Paris suburb after police grenade shatters teenager's jaw,"On September 28, 14-year-old Eden suffered a fractured jaw and lost most of his teeth after he was struck in the face by a tear-gas grenade fired at close range, just a few meters from his high school, where a protest was taking place. Students, teachers and parents spoke of their fear, anger and sense of helplessness.",https://www.lemonde.fr/en/france/article/2026/10/09/trauma-endures-in-paris-suburb-after-police-grenade-shatters-teenager-s-jaw-they-maim-a-student-leave-and-then-what-how-are-we-supposed-to-pick-up-the-pieces_6758415_7.html,Subscribers only,, Louise Couvelaire,Feature
French high school protests: What we know about the teenager whose hand was torn off by a grenade,,https://www.lemonde.fr/en/videos/video/2026/10/09/french-high-school-protests-what-we-know-about-the-teenager-whose-hand-was-torn-off-by-a-grenade_6758418_108.html,,,,
UN following France school protests 'with concern',,https://www.lemonde.fr/en/france/article/2026/10/09/un-following-france-school-protests-with-concern_6758419_7.html,,,,
Brussels' riot police clash with protestors against backdrop of student protests,,https://www.lemonde.fr/en/international/article/2026/10/09/tear-gas-and-water-cannons-as-brussels-riot-police-clash-with-student-protestors_6758428_4.html,,,,
High number of voters makes France's left-wing primary more unpredictable than expected,,https://www.lemonde.fr/en/politics/article/2026/10/09/over-140-000-voters-will-take-part-in-france-s-left-wing-primary-making-up-for-a-more-unpredictable-election-than-expected_6758417_5.html,Subscribers only,,,
UK Greens suffer defeat while Labour government strengthened in London by-election,,https://www.lemonde.fr/en/international/article/2026/10/09/uk-greens-suffer-defeat-while-labour-government-strengthened-in-london-by-election_6758430_4.html,Subscribers only,,,
"China and EU reach deal on hybrid cars, rare earths",,https://www.lemonde.fr/en/international/article/2026/10/09/china-and-eu-agree-on-hybrid-cars-rare-earths-after-trade-talks_6758429_4.html,,,,
"Paintings stolen from Renoir museum in southern France have been recovered, mayor says",,https://www.lemonde.fr/en/france/article/2026/10/09/paintings-stolen-from-renoir-museum-in-southern-france-have-been-recovered-mayor-says_6758420_7.html,,,,
How the Trump administration wages its diplomatic offensive against abortion rights,,https://www.lemonde.fr/en/international/article/2026/10/09/how-the-trump-administration-wages-its-diplomatic-offensive-against-abortion-rights_6758421_4.html,Subscribers only,,,
Italy's Giorgia Meloni passes key electoral law ahead of 2027 elections,,https://www.lemonde.fr/en/international/article/2026/10/09/italy-s-giorgia-meloni-passes-key-electoral-law-ahead-of-2027-elections_6758413_4.html,Subscribers only,,,
France's debt crisis and high school protests draw global attention,,https://www.lemonde.fr/en/international/article/2026/10/09/between-record-debt-and-high-school-protests-france-s-situation-draws-global-attention_6758409_4.html,Subscribers only,,,
"Lutetia wall: 'An archeological discovery can be instantaneous, but knowledge never is'",,https://www.lemonde.fr/en/opinion/article/2026/10/09/lutetia-wall-an-archeological-discovery-can-be-instantaneous-but-knowledge-never-is_6758407_23.html,Subscribers only,,,
"Trump says Putin agrees to major release of diesel to US, global markets",,https://www.lemonde.fr/en/economy/article/2026/10/09/trump-says-putin-agrees-to-major-release-of-diesel-to-us-global-markets_6758435_19.html,,,,
French high school protests: The questions raised by two weeks of police intervention,"Increasingly criticized after footage emerged showing heavy-handed police tactics and injured teenagers, Interior Minister Laurent Nuñez is not toning down his communication. Law enforcement says 6,059 arrests were made between September 28 and October 5, a record number.",https://www.lemonde.fr/en/france/article/2026/10/08/french-high-school-protests-the-questions-raised-by-two-weeks-of-police-intervention_6758395_7.html,Subscribers only,, Arthur Carpentier and  Eléa Pommiers,In Depth
"Heatwaves killed over 8,000 people in France this year. Here are some of their stories","The French health authorities reported that 8,124 deaths were related to the extreme heatwaves between late May and late August in France. Le Monde spoke to the friends and families of 11 of the victims to find out about the lives behind those numbers.",https://www.lemonde.fr/en/environment/visuel/2026/10/04/heatwaves-killed-over-8-000-people-in-france-this-year-here-are-some-of-their-stories_6758243_114.html,Subscribers only,,,Visual Story
French high school protests: 'Young people are not fooled by the discrimination and contempt that society directs at them',"Sociologist and child psychiatrist Laelia Benoit analyzes the discourse surrounding high school student protests through the lens of 'childism,' a term that refers to the set of prejudices against minors based on their age, which she introduced to France.",https://www.lemonde.fr/en/campus/article/2026/10/08/french-high-school-protests-young-people-are-not-fooled-by-the-discrimination-and-contempt-that-society-directs-at-them_6758374_11.html,Subscribers only,, Séverin Graveleau,Interview
"French presidential election: 'The far right and radical left remain highly fragile, as they face contradictions that are hard to overcome'",,https://www.lemonde.fr/en/opinion/article/2026/10/08/french-presidential-election-the-far-right-and-radical-left-remain-highly-fragile-as-they-face-contradictions-that-are-hard-to-overcome_6758388_23.html,Subscribe,,,Column
Israel and the trauma of October 7,,https://www.lemonde.fr/en/opinion/article/2026/10/06/israel-and-the-trauma-of-october-7_6758319_23.html,,,,Editorial
'Russian journalist Anna Politkovskaya believed that a society that accepts lies ends up accepting violence as well',,https://www.lemonde.fr/en/opinion/article/2026/10/08/russian-journalist-anna-politkovskaya-believed-that-a-society-that-accepts-lies-ends-up-accepting-violence-as-well_6758372_23.html,Subscribe,,,Op-Ed
